{
    "Ticker": "CRTL.CN",
    "Status": "Restrictive Mode",
    "cur_inv": 0,
    "unrealized": -0.0,
    "openOrderCount": 4,
    "notionalAmount": 0.0,
    "RealizedPnLShutdown": 0.0,
    "FavourableBuyingConditions": 0.0,
    "bid": 0.49,
    "ask": 0.5,
    "d_Venue": "AEQN ACTION AequitasLIT Limit Broker DAY",
    "a_Venue": "AEQN ACTION AequitasLIT Limit Broker DAY",
    "boardlot": 500,
    "ticksize": 0.005,
    "MaxInventorySize": 10000,
    "MaxAllowedUPnL": -1200,
    "bidmult": 1,
    "AdjustedSpread": 0.005,
    "reserve_bidmult": 0,
    "reserve_askmult": 0,
    "BuyZone1": 0.175,
    "BuyZone2": 0.16,
    "BuyZone3": 0.145,
    "SellZone1": 0.335,
    "SellZone2": 0.37,
    "SellZone3": 0.41,
    "r_nbbo": false,
    "r_bidmult": 1,
    "r_askmult": 1,
    "o_bidmult": 1,
    "o_askmult": 1,
    "a_action": "Buy",
    "a_type": "Size",
    "a_bidmult": 1,
    "a_askmult": 1,
    "a_size": 100,
    "a_percentage": 0.05,
    "a_duration": 60,
    "v_hitalert": true
}