{
    "Ticker": "LEXT.CN",
    "Status": "Default Mode",
    "cur_inv": 0,
    "unrealized": -0.0,
    "openOrderCount": 6,
    "notionalAmount": 0.0,
    "RealizedPnLShutdown": 0.0,
    "FavourableBuyingConditions": 0.0,
    "bid": 0.18,
    "ask": 0.19,
    "d_Venue": "AEQN ACTION AequitasLIT Limit Broker DAY",
    "a_Venue": "AEQN ACTION AequitasLIT Limit Broker DAY",
    "boardlot": 1000,
    "ticksize": 0.005,
    "MaxInventorySize": 1000,
    "MaxAllowedUPnL": 1000,
    "bidmult": 1,
    "AdjustedSpread": 0.02,
    "reserve_bidmult": 0,
    "reserve_askmult": 0,
    "BuyZone1": 0.0,
    "BuyZone2": 0.0,
    "BuyZone3": 0.0,
    "SellZone1": 0.0,
    "SellZone2": 0.0,
    "SellZone3": 0.0,
    "r_nbbo": false,
    "r_bidmult": 1,
    "r_askmult": 1,
    "o_bidmult": 1,
    "o_askmult": 1,
    "a_action": "Buy",
    "a_type": "Size",
    "a_bidmult": 1,
    "a_askmult": 1,
    "a_size": 100,
    "a_percentage": 0.05,
    "a_duration": 60,
    "v_hitalert": true
}