{
    "Ticker": "NF.CN",
    "Status": "Inactive",
    "cur_inv": 0,
    "unrealized": 0.0,
    "openOrderCount": 0,
    "notionalAmount": 0.0,
    "RealizedPnLShutdown": 0.0,
    "FavourableBuyingConditions": 0.0,
    "bid": 0.0,
    "ask": 0.0,
    "d_Venue": "",
    "a_Venue": "",
    "boardlot": 100,
    "ticksize": 0.01,
    "MaxInventorySize": 1000,
    "MaxAllowedUPnL": 1000,
    "bidmult": 1,
    "askmult": 1,
    "AdjustedSpread": 0.01,
    "reserve_bidmult": 2,
    "reserve_askmult": 2,
    "BuyZone1": 0.0,
    "BuyZone2": 0.0,
    "BuyZone3": 0.0,
    "SellZone1": 0.0,
    "SellZone2": 0.0,
    "SellZone3": 0.0,
    "r_nbbo": false,
    "r_bidmult": 1,
    "r_askmult": 1,
    "o_bidmult": 1,
    "o_askmult": 1,
    "a_action": "Buy",
    "a_type": "Size",
    "a_bidmult": 1,
    "a_askmult": 1,
    "a_size": 100,
    "a_percentage": 0.05,
    "a_duration": 60,
    "v_hitalert": true
}