{
    "Ticker": "SCD.VN",
    "Status": "Default Mode",
    "bid": 0.015,
    "ask": 0.02,
    "cur_inv": 0,
    "unrealized": -0.0,
    "cur_traded": 0,
    "cur_tradedp": 0.0,
    "svi_traded": 0,
    "svi_tradedp": 0.0,
    "openOrderCount": 3,
    "notionalAmount": 0.0,
    "RealizedPnLShutdown": 0.0,
    "FavourableBuyingConditions": 0.0,
    "d_Venue": "AEQN ACTION AequitasLIT Limit Broker DAY",
    "a_Venue": "AEQN ACTION AequitasLIT Limit Broker DAY",
    "o_Venue": "AEQN ACTION AequitasLIT Limit Broker DAY",
    "r_Venue": "AEQN ACTION AequitasLIT Limit Broker DAY Reserve",
    "d_starttime": 574,
    "d_stoptime": 955,
    "boardlot": 1000,
    "ticksize": 0.005,
    "MaxInventorySize": 1000,
    "MaxAllowedUPnL": 1000,
    "bidmult": 1,
    "askmult": 1,
    "AdjustedSpread": 0.01,
    "reserve_bidmult": 2,
    "reserve_askmult": 2,
    "BuyZone1": 0.0,
    "BuyZone2": 0.0,
    "BuyZone3": 0.0,
    "SellZone1": 0.0,
    "SellZone2": 0.0,
    "SellZone3": 0.0,
    "r_nbbo": false,
    "r_bidmult": 1,
    "r_askmult": 1,
    "o_starttime": 564,
    "o_bidmult": 1,
    "o_askmult": 1,
    "a_mult": 1,
    "a_action": "Buy",
    "a_size": 100,
    "size_remain": 0,
    "a_target_size": 0,
    "a_percentage": 5,
    "a_type": "Size",
    "a_duration": 60,
    "a_duration_left": 0
}